Workbook
Name Slicer_AGE: #N/A
Name Slicer_AGE1: #N/A
Name Slicer_BELT: #N/A
Name Slicer_MEDALS: #N/A

Sheet Main Dataset
A1: SL.NO. | B1: NAME | C1: DATE OF BIRTH | D1: WEIGHT(in kg) | E1: GENDER | F1: BELT | G1: EVENTS | H1: MEDALS | I1: INSTRUCTOR NAME | J1: DOJO NAME | M1: Column 15 | N1: Column 18 | O1: Column 23 | Q1: Column 19 | R1: Column 14 | S1: Column 22 | T1: Column 20 | U1: Column 14 | W1: Column 14 | X1: Column 16 | Z1: Column 17 | AA1: Column 14 | AD1: Column 21
A2: 1 | B2: AFTAB SEKH | C2: 42334 | D2: 34 | E2: Male | F2: Yellow | G2: Both | H2: Gold | I2: RANA DUTTA | J2: ABKC
A3: =A2+1 -> 2 | B3: SK ABRAR HASAN | C3: 41940 | D3: 44 | E3: Male | F3: Red | G3: Both | H3: Silver | I3: RANA DUTTA | J3: ABKC
A4: =A3+1 -> 3 | B4: SRINJOY DEY | C4: 41456 | D4: 56 | E4: Male | F4: Yellow | G4: Both | H4: Silver | I4: RANA DUTTA | J4: ABKC
A5: =A4+1 -> 4 | B5: ARNAB DUTTA | C5: 41233 | D5: 46 | E5: Male | F5: Yellow | G5: Both | H5: Gold | I5: RANA DUTTA | J5: ABKC
A6: =A5+1 -> 5 | B6: RISHAN MANDAL | C6: 43515 | D6: 20 | E6: Male | F6: Red | G6: Both | H6: Bronze | I6: MOHADEB SARKAR | J6: AKA (JUBILI PARK)
A7: =A6+1 -> 6 | B7: Ankush Das | C7: 41785 | D7: 47 | E7: Male | F7: Brown Gold | G7: Both | H7: Silver | I7: MOHADEB SARKAR | J7: AKA (JUBILI PARK)
A8: =A7+1 -> 7 | B8: IDITRI MONDAL | C8: 41865 | D8: 31 | E8: Female | F8: Brown | G8: Both | H8: Bronze | I8: MOHADEB SARKAR | J8: AKA (JUBILI PARK)
A9: =A8+1 -> 8 | B9: AISHI DE | C9: 41682 | D9: 50 | E9: Female | F9: Brown Stripe | G9: Both | H9: Bronze | I9: MOHADEB SARKAR | J9: AKA (JUBILI PARK)
A10: =A9+1 -> 9 | B10: Niladri Addhya | C10: 40907 | D10: 32 | E10: Male | F10: Black | G10: Both | H10: Gold | I10: MOHADEB SARKAR | J10: AKA (JUBILI PARK)
A11: =A10+1 -> 10 | B11: Sk Atif Rahaman | C11: 40474 | D11: 48 | E11: Male | F11: Brown Gold | G11: Both | H11: Gold | I11: MOHADEB SARKAR | J11: AKA (JUBILI PARK)
A12: =A11+1 -> 11 | B12: Debasmita Dey | C12: 40448 | D12: 67 | E12: Female | F12: Brown Gold | G12: Both | H12: Gold | I12: MOHADEB SARKAR | J12: AKA (JUBILI PARK)
A13: =A12+1 -> 12 | B13: Afrin Parvin | C13: 39817 | D13: 48 | E13: Female | F13: Purple Stripe | G13: Both | H13: Silver | I13: MOHADEB SARKAR | J13: AKA (JUBILI PARK)
A14: =A13+1 -> 13 | B14: SHIYA SEN | C14: 39925 | D14: 56 | E14: Female | F14: Black | G14: Both | H14: Silver | I14: MOHADEB SARKAR | J14: AKA (JUBILI PARK)
... A521: =A520+1 -> 520 | B521: PARNAVI GUPTA | C521: 40875 | D521: 70 | E521: Female | F521: Orange | G521: Both | H521: Silver | I521: BIDYUT DEY | J521: SSKC

Sheet Finding Age To DOB
A1: SL.NO. | B1: NAME | C1: DATE OF BIRTH | D1: AGE | E1: WEIGHT(in kg) | F1: GENDER | G1: BELT | H1: EVENTS | I1: MEDALS | J1: INSTRUCTOR NAME | K1: DOJO NAME | N1: Column 15 | O1: Column 18 | P1: Column 23 | R1: Column 19 | S1: Column 14 | T1: Column 22 | U1: Column 20 | V1: Column 14 | X1: Column 14 | Y1: Column 16 | AA1: Column 17 | AB1: Column 14 | AE1: Column 21
A2: 1 | B2: AFTAB SEKH | C2: 42334 | D2: =DATEDIF(C2, TODAY(), "Y") -> 10 | E2: 34 | F2: Male | G2: Yellow | H2: Both | I2: Gold | J2: RANA DUTTA | K2: ABKC
A3: =A2+1 -> 2 | B3: SK ABRAR HASAN | C3: 41940 | D3: =DATEDIF(C3, TODAY(), "Y") -> 11 | E3: 44 | F3: Male | G3: Red | H3: Both | I3: Silver | J3: RANA DUTTA | K3: ABKC
A4: =A3+1 -> 3 | B4: SRINJOY DEY | C4: 41456 | D4: =DATEDIF(C4, TODAY(), "Y") -> 12 | E4: 56 | F4: Male | G4: Yellow | H4: Both | I4: Silver | J4: RANA DUTTA | K4: ABKC
A5: =A4+1 -> 4 | B5: ARNAB DUTTA | C5: 41233 | D5: =DATEDIF(C5, TODAY(), "Y") -> 13 | E5: 46 | F5: Male | G5: Yellow | H5: Both | I5: Gold | J5: RANA DUTTA | K5: ABKC
A6: =A5+1 -> 5 | B6: RISHAN MANDAL | C6: 43515 | D6: =DATEDIF(C6, TODAY(), "Y") -> 7 | E6: 20 | F6: Male | G6: Red | H6: Both | I6: Bronze | J6: MOHADEB SARKAR | K6: AKA (JUBILI PARK)
A7: =A6+1 -> 6 | B7: Ankush Das | C7: 41785 | D7: =DATEDIF(C7, TODAY(), "Y") -> 11 | E7: 47 | F7: Male | G7: Brown Gold | H7: Both | I7: Silver | J7: MOHADEB SARKAR | K7: AKA (JUBILI PARK)
A8: =A7+1 -> 7 | B8: IDITRI MONDAL | C8: 41865 | D8: =DATEDIF(C8, TODAY(), "Y") -> 11 | E8: 31 | F8: Female | G8: Brown | H8: Both | I8: Bronze | J8: MOHADEB SARKAR | K8: AKA (JUBILI PARK)
A9: =A8+1 -> 8 | B9: AISHI DE | C9: 41682 | D9: =DATEDIF(C9, TODAY(), "Y") -> 12 | E9: 50 | F9: Female | G9: Brown Stripe | H9: Both | I9: Bronze | J9: MOHADEB SARKAR | K9: AKA (JUBILI PARK)
A10: =A9+1 -> 9 | B10: Niladri Addhya | C10: 40907 | D10: =DATEDIF(C10, TODAY(), "Y") -> 14 | E10: 32 | F10: Male | G10: Black | H10: Both | I10: Gold | J10: MOHADEB SARKAR | K10: AKA (JUBILI PARK)
A11: =A10+1 -> 10 | B11: Sk Atif Rahaman | C11: 40474 | D11: =DATEDIF(C11, TODAY(), "Y") -> 15 | E11: 48 | F11: Male | G11: Brown Gold | H11: Both | I11: Gold | J11: MOHADEB SARKAR | K11: AKA (JUBILI PARK)
A12: =A11+1 -> 11 | B12: Debasmita Dey | C12: 40448 | D12: =DATEDIF(C12, TODAY(), "Y") -> 15 | E12: 67 | F12: Female | G12: Brown Gold | H12: Both | I12: Gold | J12: MOHADEB SARKAR | K12: AKA (JUBILI PARK)
A13: =A12+1 -> 12 | B13: Afrin Parvin | C13: 39817 | D13: =DATEDIF(C13, TODAY(), "Y") -> 17 | E13: 48 | F13: Female | G13: Purple Stripe | H13: Both | I13: Silver | J13: MOHADEB SARKAR | K13: AKA (JUBILI PARK)
A14: =A13+1 -> 13 | B14: SHIYA SEN | C14: 39925 | D14: =DATEDIF(C14, TODAY(), "Y") -> 16 | E14: 56 | F14: Female | G14: Black | H14: Both | I14: Silver | J14: MOHADEB SARKAR | K14: AKA (JUBILI PARK)
... A521: =A520+1 -> 520 | B521: PARNAVI GUPTA | C521: 40875 | D521: =DATEDIF(C521, TODAY(), "Y") -> 14 | E521: 70 | F521: Female | G521: Orange | H521: Both | I521: Silver | J521: BIDYUT DEY | K521: SSKC

Sheet Age-Belt distribution of Studen
H2: Age-belt distribution of students
B3: Belt-wise gender distribution of students.
H4: 0-10 Students Age
B5: Total Male Students | H5: =COUNTIFS(Form_Responses3[AGE],">=0",Form_Responses3[AGE],"<=10") -> 209
B6: =COUNTIF(Form_Responses3[GENDER],"male") -> 266
H7: 11-20 Students Age
B8: Total Female Students | H8: =COUNTIFS(Form_Responses3[AGE],">=11",Form_Responses3[AGE],"<=20") -> 291
B9: =COUNTIF(Form_Responses3[GENDER],"female") -> 249
H10: 21-30 Students Age
H11: =COUNTIFS(Form_Responses3[AGE],">=21",Form_Responses3[AGE],"<=30") -> 18
H13: 31-40 Students Age
H14: =COUNTIFS(Form_Responses3[AGE],">=31",Form_Responses3[AGE],"<=40") -> 2
H16: 41-50 Students Age
H17: =COUNTIFS(Form_Responses3[AGE],">=41",Form_Responses3[AGE],"<=50") -> 0

Sheet Quary Q&A
A1: 1. Total weight of all students | H1: 6. Count male students
A2: =SUM('Main Dataset'!D:D) -> 20266.8 | H2: =COUNTIF('Main Dataset'!E:E,"Male") -> 266
A4: 2. Total weight of Gold medal students | H4: 7. Count female students
A5: =SUMIF('Main Dataset'!E:E,"Male",'Main Dataset'!D:D) -> 10554.2 | H5: =COUNTIF('Main Dataset'!E:E,"Female") -> 249
A7: 3. Total female Black belt students | H7: 8. Count Bronze medal students
A8: =SUMIF('Main Dataset'!H:H,"Gold",'Main Dataset'!D:D) -> 6706.7 | H8: =COUNTIF('Main Dataset'!H:H,"Bronze") -> 172
A10: 4. Find belt using student name | H10: 9. Count Silver medal students
A11: =SUMIFS('Main Dataset'!D:D,'Main Dataset'!E:E,"Female",'Main Dataset'!F:F,"Black") -> 677 | H11: =COUNTIF('Main Dataset'!H:H,"Silver") -> 174
A13: 5. Count total students | H13: 10. Count Gold medal students
A14: =COUNTA('Main Dataset'!B:B) -> 521 | H14: =COUNTIF('Main Dataset'!H:H,"Gold") -> 174

Sheet Pivot Table
A3: Row Labels | B3: Sum of AGE
A4: Female | B4: 91 | R4: Row Labels | S4: Sum of AGE
A5: Male | B5: 77 | R5: Female | S5: 2985
A6: Grand Total | B6: 168 | R6: Black | S6: 220
R7: Bronze | S7: 73
R8: Gold | S8: 79
R9: Silver | S9: 68
R10: Brown | S10: 318
R11: Bronze | S11: 59
R12: Gold | S12: 149
R13: Silver | S13: 110
R14: Brown Gold | S14: 308
R15: Bronze | S15: 100
R16: Gold | S16: 83
R17: Silver | S17: 125
R18: Brown Stripe | S18: 82
... R50: Grand Total | S50: 2985

Sheet Dashboard
